,source,destination
0,job_000,job_025
1,job_001,job_025
2,job_002,job_025
3,job_003,job_025
4,job_004,job_025
5,job_005,job_026
6,job_006,job_026
7,job_007,job_026
8,job_008,job_026
9,job_009,job_026
10,job_010,job_027
11,job_011,job_027
12,job_012,job_027
13,job_013,job_027
14,job_014,job_027
15,job_015,job_028
16,job_016,job_028
17,job_017,job_028
18,job_018,job_028
19,job_019,job_028
20,job_020,job_029
21,job_021,job_029
22,job_022,job_029
23,job_023,job_029
24,job_024,job_029
25,job_025,job_030
26,job_026,job_030
27,job_027,job_030
28,job_028,job_030
29,job_029,job_030
30,job_030,job_031
31,job_030,job_032
32,job_030,job_033
33,job_030,job_034
34,job_030,job_035
35,job_030,job_036
36,job_030,job_037
37,job_030,job_038
38,job_030,job_039
39,job_030,job_040
40,job_030,job_041
41,job_030,job_042
42,job_030,job_043
43,job_030,job_044
44,job_030,job_045
45,job_030,job_046
46,job_030,job_047
47,job_030,job_048
48,job_030,job_049
49,job_030,job_050
50,job_030,job_057
51,job_030,job_058
52,job_030,job_059
53,job_030,job_060
54,job_030,job_061
55,job_030,job_062
56,job_030,job_063
57,job_030,job_064
58,job_030,job_065
59,job_030,job_066
60,job_030,job_067
61,job_030,job_068
62,job_030,job_069
63,job_030,job_070
64,job_030,job_071
65,job_031,job_051
66,job_032,job_051
67,job_033,job_051
68,job_034,job_051
69,job_035,job_052
70,job_036,job_052
71,job_037,job_052
72,job_038,job_052
73,job_039,job_053
74,job_040,job_053
75,job_041,job_053
76,job_042,job_053
77,job_043,job_054
78,job_044,job_054
79,job_045,job_054
80,job_046,job_054
81,job_047,job_055
82,job_048,job_055
83,job_049,job_055
84,job_050,job_055
85,job_051,job_056
86,job_052,job_056
87,job_053,job_056
88,job_054,job_056
89,job_055,job_056
90,job_056,job_078
91,job_056,job_079
92,job_056,job_080
93,job_056,job_081
94,job_056,job_082
95,job_056,job_083
96,job_056,job_084
97,job_056,job_085
98,job_056,job_086
99,job_056,job_087
100,job_056,job_088
101,job_056,job_089
102,job_056,job_090
103,job_056,job_091
104,job_056,job_092
105,job_057,job_072
106,job_058,job_072
107,job_059,job_072
108,job_060,job_073
109,job_061,job_073
110,job_062,job_073
111,job_063,job_074
112,job_064,job_074
113,job_065,job_074
114,job_066,job_075
115,job_067,job_075
116,job_068,job_075
117,job_069,job_076
118,job_070,job_076
119,job_071,job_076
120,job_072,job_077
121,job_073,job_077
122,job_074,job_077
123,job_075,job_077
124,job_076,job_077
125,job_077,job_078
126,job_077,job_079
127,job_077,job_080
128,job_077,job_081
129,job_077,job_082
130,job_077,job_083
131,job_077,job_084
132,job_077,job_085
133,job_077,job_086
134,job_077,job_087
135,job_077,job_088
136,job_077,job_089
137,job_077,job_090
138,job_077,job_091
139,job_077,job_092
140,job_078,job_093
141,job_079,job_093
142,job_080,job_093
143,job_081,job_094
144,job_082,job_094
145,job_083,job_094
146,job_084,job_095
147,job_085,job_095
148,job_086,job_095
149,job_087,job_096
150,job_088,job_096
151,job_089,job_096
152,job_090,job_097
153,job_091,job_097
154,job_092,job_097
155,job_093,job_098
156,job_094,job_098
157,job_095,job_098
158,job_096,job_098
159,job_097,job_098
160,job_098,job_099
